,BTC_close,BTC_high,BTC_low,BTC_open,BTC_time,BTC_volumefrom,BTC_volumeto,timestamp,ETH_close,ETH_high,ETH_low,ETH_open,ETH_time,ETH_volumefrom,ETH_volumeto,BCH_close,BCH_high,BCH_low,BCH_open,BCH_time,BCH_volumefrom,BCH_volumeto,LTC_close,LTC_high,LTC_low,LTC_open,LTC_time,LTC_volumefrom,LTC_volumeto
0,9783.4,9783.47,9723.09,9762.61,1525482000,3893.62,37983283.59,2018-05-04 21:00:00,795.39,795.39,788.32,793.5,1525482000,14423.27,11402222.08,1526.33,1527.66,1516.87,1521.95,1525482000,2369.67,3613245.18,169.39,169.95,168.49,169.95,1525482000,19170.58,3244073.34
1,9824.53,9867.73,9783.23,9783.4,1525485600,5273.09,51867331.87,2018-05-04 22:00:00,800.2,801.72,795.25,795.25,1525485600,21025.19,16799245.75,1531.22,1536.15,1521.83,1526.33,1525485600,3529.33,5397353.43,170.7,171.07,169.37,169.37,1525485600,30185.65,5145736.26
2,9820.73,9836.45,9793.21,9822.89,1525489200,2118.59,20801744.67,2018-05-04 23:00:00,803.4,804.05,797.64,800.2,1525489200,14987.58,12010586.01,1553.94,1555.7,1527.34,1531.23,1525489200,4107.71,6346846.12,172.83,172.83,170.17,170.69,1525489200,33805.08,5806301.71
3,9837.19,9870.01,9813.24,9821.43,1525492800,2838.6,27974324.16,2018-05-05 00:00:00,811.08,814.95,803.34,803.34,1525492800,31987.4,25922158.98,1584.93,1601.25,1552.33,1553.81,1525492800,12760.67,20008835.07,171.32,173.0,171.09,172.83,1525492800,29606.42,5095722.46
4,9819.35,9842.8,9794.72,9837.19,1525496400,1759.79,17337141.99,2018-05-05 01:00:00,809.06,812.05,805.34,810.87,1525496400,13997.23,11311970.86,1598.1,1621.61,1579.5,1584.93,1525496400,8948.94,14333762.69,170.98,171.41,170.09,171.32,1525496400,16842.4,2872537.51
5,9780.0,9820.35,9778.93,9818.89,1525500000,1511.02,14875350.45,2018-05-05 02:00:00,801.33,809.39,801.32,809.05,1525500000,11832.74,9534345.17,1591.7,1619.19,1588.48,1598.1,1525500000,3562.34,5715863.08,169.55,171.18,169.23,170.98,1525500000,15510.43,2640489.83
6,9794.01,9805.17,9775.09,9780.42,1525503600,1483.16,14487474.6,2018-05-05 03:00:00,805.54,807.03,801.18,801.42,1525503600,7322.85,5889363.67,1604.37,1616.37,1590.85,1591.67,1525503600,2621.75,4213320.4,169.85,170.04,169.47,169.55,1525503600,7017.64,1190735.74
7,9822.7,9858.28,9787.38,9794.61,1525507200,1933.44,19050768.06,2018-05-05 04:00:00,809.58,811.0,804.43,805.55,1525507200,8289.61,6700574.32,1613.21,1619.0,1596.6,1604.37,1525507200,3358.11,5407305.9,171.98,172.23,169.76,169.85,1525507200,14492.35,2481331.27
8,9837.32,9855.12,9821.95,9822.72,1525510800,1528.88,15083421.79,2018-05-05 05:00:00,808.27,810.38,807.73,809.58,1525510800,6356.29,5138850.21,1652.32,1656.09,1611.2,1613.17,1525510800,5667.06,9270368.91,171.94,172.44,171.7,172.0,1525510800,9355.81,1611153.15
9,9919.83,9941.19,9836.67,9837.32,1525514400,5137.95,51034422.14,2018-05-05 06:00:00,816.02,820.11,808.27,808.5,1525514400,21334.59,17385989.66,1667.37,1684.69,1650.85,1652.32,1525514400,8716.19,14558082.92,173.3,174.07,171.79,171.94,1525514400,30391.81,5277898.0
10,9870.7,9925.16,9848.25,9919.83,1525518000,3658.66,36248452.28,2018-05-05 07:00:00,813.98,816.53,808.77,815.96,1525518000,12995.88,10556898.03,1663.41,1675.03,1643.65,1668.4,1525518000,6167.17,10235282.01,172.23,173.59,171.75,173.3,1525518000,16021.53,2766461.13
11,9925.88,9946.21,9870.39,9870.39,1525521600,4422.66,43900346.39,2018-05-05 08:00:00,820.76,822.99,813.98,814.06,1525521600,16805.43,13777148.9,1718.73,1726.3,1655.32,1663.34,1525521600,8271.5,14025534.99,173.72,173.93,172.23,172.25,1525521600,18875.23,3268328.93
12,9885.76,9968.85,9884.2,9926.37,1525525200,5259.84,52358080.32,2018-05-05 09:00:00,815.34,827.44,815.14,820.83,1525525200,24611.31,20287472.31,1682.37,1726.49,1679.88,1718.73,1525525200,9992.16,17051492.79,175.4,178.06,173.69,173.72,1525525200,52162.86,9170544.79
13,9940.64,9946.6,9884.97,9885.76,1525528800,3190.51,31744287.83,2018-05-05 10:00:00,823.37,824.69,815.2,815.2,1525528800,15185.32,12473452.87,1712.65,1713.53,1682.3,1682.3,1525528800,4269.03,7256099.99,181.56,182.99,175.34,175.4,1525528800,83234.47,14988093.49
14,9903.08,9957.21,9898.66,9940.64,1525532400,2801.97,27884124.76,2018-05-05 11:00:00,817.83,825.56,817.61,823.37,1525532400,13111.42,10765621.96,1683.35,1714.89,1683.04,1712.65,1525532400,4842.39,8222876.93,179.05,181.85,179.05,181.57,1525532400,53235.92,9612651.1
15,9903.78,9916.36,9864.39,9915.69,1525536000,2708.77,26888762.27,2018-05-05 12:00:00,819.69,819.72,810.33,818.2,1525536000,17853.3,14568150.96,1690.25,1697.35,1667.5,1683.26,1525536000,4845.77,8140824.94,179.49,180.01,176.95,179.05,1525536000,50294.73,8970236.27
16,9874.17,9927.89,9874.17,9903.67,1525539600,2339.9,23259345.76,2018-05-05 13:00:00,807.8,821.07,807.3,819.69,1525539600,20578.42,16733400.98,1682.28,1702.1,1679.69,1689.75,1525539600,3099.03,5244805.54,179.02,181.22,178.87,179.48,1525539600,23948.26,4311307.69
17,9861.56,9881.02,9817.83,9874.92,1525543200,3124.86,30786888.43,2018-05-05 14:00:00,810.11,810.77,803.02,807.8,1525543200,21946.5,17716671.14,1677.19,1689.31,1672.47,1682.34,1525543200,3321.32,5575386.53,179.26,179.53,178.34,178.97,1525543200,20886.34,3734389.34
18,9858.08,9871.43,9856.73,9861.45,1525546800,1159.65,11459128.09,2018-05-05 15:00:00,810.2,811.75,809.54,810.11,1525546800,7278.87,5895656.12,1674.35,1678.63,1666.9,1677.19,1525546800,2095.35,3503968.32,179.76,181.15,178.76,179.27,1525546800,30434.8,5481813.87
19,9757.98,9861.23,9742.8,9858.12,1525550400,4168.2,40961718.25,2018-05-05 16:00:00,802.32,810.4,802.01,810.25,1525550400,24054.03,19367911.04,1677.07,1681.8,1663.16,1674.45,1525550400,3079.98,5155031.59,175.86,180.16,175.74,179.76,1525550400,42481.06,7528634.52
20,9788.91,9795.35,9721.1,9759.43,1525554000,2749.75,26913127.43,2018-05-05 17:00:00,805.28,805.41,797.04,802.37,1525554000,17937.53,14362062.91,1709.08,1711.88,1670.95,1677.07,1525554000,4157.22,7036848.83,177.12,177.52,173.53,175.86,1525554000,41353.91,7247694.92
21,9828.57,9850.87,9771.89,9788.91,1525557600,1630.3,16035226.95,2018-05-05 18:00:00,810.58,817.32,804.37,805.4,1525557600,21091.05,17104017.91,1717.65,1729.5,1707.55,1708.81,1525557600,4781.08,8222557.95,177.92,178.73,176.51,177.2,1525557600,15165.42,2694431.37
22,9845.9,9861.37,9812.91,9826.71,1525561200,1716.41,16913462.02,2018-05-05 19:00:00,816.58,816.77,810.53,810.58,1525561200,9056.04,7375995.08,1758.59,1758.59,1716.46,1717.67,1525561200,5921.31,10281950.84,178.16,178.87,176.71,177.92,1525561200,14594.78,2594870.52
23,9928.39,9930.16,9831.2,9846.44,1525564800,2662.65,26389962.04,2018-05-05 20:00:00,826.33,826.35,815.72,816.59,1525564800,13601.03,11165251.37,1779.58,1787.7,1749.3,1758.59,1525564800,8288.53,14689609.32,180.72,183.07,177.74,178.16,1525564800,61805.84,11207951.22
24,9918.82,9936.96,9891.5,9928.33,1525568400,2318.56,23025488.34,2018-05-05 21:00:00,833.51,833.64,826.26,826.29,1525568400,26063.67,21624585.25,1829.25,1843.66,1760.57,1779.58,1525568400,14409.76,26039680.87,181.03,181.63,179.62,180.75,1525568400,20720.13,3742529.78
25,9857.57,9918.65,9844.8,9914.84,1525572000,2094.36,20726391.03,2018-05-05 22:00:00,829.48,834.3,826.99,833.58,1525572000,18946.06,15761906.44,1786.58,1835.53,1785.69,1829.25,1525572000,9355.05,16905836.68,178.84,181.12,178.43,181.03,1525572000,18264.8,3279337.6
26,9871.33,9885.89,9856.61,9857.57,1525575600,1423.46,14113857.72,2018-05-05 23:00:00,823.78,831.99,823.77,829.48,1525575600,10694.71,8849088.26,1774.51,1803.25,1755.43,1786.59,1525575600,6137.86,10936156.24,178.96,180.43,178.6,178.78,1525575600,16583.39,2980570.92
27,9841.39,9896.69,9840.14,9871.33,1525579200,1139.58,11279901.4,2018-05-06 00:00:00,815.29,825.93,815.0,823.96,1525579200,11079.37,9100092.83,1756.0,1799.0,1750.79,1774.57,1525579200,5108.48,9070218.26,179.07,180.24,178.93,178.98,1525579200,13145.4,2362411.8
28,9743.34,9841.49,9743.2,9841.49,1525582800,3981.59,39069541.47,2018-05-06 01:00:00,802.62,816.67,801.91,815.3,1525582800,25447.46,20580538.74,1717.98,1762.77,1717.49,1756.0,1525582800,8508.81,14819535.37,174.23,179.17,174.1,179.07,1525582800,41074.63,7245208.24
29,9680.74,9744.23,9598.1,9744.23,1525586400,7512.88,72907951.58,2018-05-06 02:00:00,794.29,802.62,777.01,802.32,1525586400,71285.02,56131914.73,1730.43,1738.95,1679.1,1718.93,1525586400,13959.2,23828385.94,172.91,174.23,168.63,174.17,1525586400,82855.68,14196672.81
30,9705.55,9705.57,9654.34,9682.89,1525590000,1739.64,16915521.74,2018-05-06 03:00:00,796.15,801.18,789.94,794.29,1525590000,19479.02,15483279.08,1766.67,1766.89,1711.52,1730.81,1525590000,4733.61,8253263.46,173.7,173.73,171.03,172.91,1525590000,18047.12,3119429.73
31,9588.73,9707.34,9547.17,9705.55,1525593600,5141.44,49535341.43,2018-05-06 04:00:00,775.79,796.15,773.61,796.15,1525593600,31928.43,24882219.24,1731.58,1775.8,1711.41,1766.66,1525593600,8515.1,14810566.76,170.2,173.74,169.09,173.7,1525593600,20913.64,3575517.71
32,9573.03,9601.16,9534.84,9588.17,1525597200,3421.53,32820617.89,2018-05-06 05:00:00,778.79,781.58,770.64,775.65,1525597200,32718.16,25322942.41,1723.65,1736.1,1708.49,1733.18,1525597200,3387.97,5844119.83,169.92,171.31,169.51,170.16,1525597200,17213.12,2930314.94
33,9583.23,9631.98,9571.11,9573.03,1525600800,2686.7,25929136.22,2018-05-06 06:00:00,780.78,788.92,778.08,778.87,1525600800,15923.62,12483482.33,1717.43,1738.56,1712.61,1723.65,1525600800,3029.97,5240240.19,170.16,171.44,169.62,169.93,1525600800,17187.2,2934364.47
34,9514.85,9588.42,9481.98,9585.14,1525604400,4629.84,44290070.34,2018-05-06 07:00:00,770.98,781.52,767.72,780.43,1525604400,16452.31,12766352.71,1690.47,1718.28,1680.0,1717.43,1525604400,4985.47,8476925.44,168.33,170.16,167.95,170.16,1525604400,32874.21,5559774.28
35,9539.3,9551.06,9441.93,9512.61,1525608000,4271.36,40722830.01,2018-05-06 08:00:00,771.45,773.46,753.51,771.13,1525608000,40663.98,31030721.6,1691.01,1696.11,1635.48,1690.47,1525608000,11805.99,19688516.91,168.02,168.97,165.23,168.33,1525608000,57755.56,9639126.7
36,9572.51,9619.6,9529.55,9539.39,1525611600,2293.23,22014389.82,2018-05-06 09:00:00,775.62,782.9,768.46,771.4,1525611600,19040.95,14799570.45,1715.29,1729.69,1689.1,1691.01,1525611600,6607.09,11338479.91,170.01,171.87,167.21,168.02,1525611600,24703.63,4189262.4
37,9562.67,9591.4,9547.01,9572.67,1525615200,2020.0,19384435.45,2018-05-06 10:00:00,777.08,780.76,771.78,775.78,1525615200,13945.23,10821762.95,1708.69,1723.41,1693.63,1716.24,1525615200,4898.08,8391925.43,169.71,170.76,167.96,170.01,1525615200,21929.22,3717461.48
38,9504.91,9568.36,9488.62,9562.67,1525618800,2103.22,20124688.41,2018-05-06 11:00:00,773.51,779.1,767.29,777.13,1525618800,15064.44,11653416.75,1682.71,1709.06,1676.9,1708.8,1525618800,3546.52,5987333.57,168.04,169.73,167.1,169.71,1525618800,19685.57,3306875.81
39,9581.93,9593.24,9504.4,9504.91,1525622400,1786.02,17124135.18,2018-05-06 12:00:00,785.69,787.58,773.4,773.51,1525622400,15930.62,12477229.72,1721.78,1729.64,1682.27,1682.72,1525622400,4269.24,7318709.72,169.73,170.5,167.84,168.04,1525622400,21782.13,3693918.11
40,9593.21,9621.33,9577.14,9581.93,1525626000,1316.43,12672843.3,2018-05-06 13:00:00,786.84,791.82,785.44,785.6,1525626000,12698.89,10013513.96,1730.65,1746.47,1719.79,1721.78,1525626000,3748.92,6500948.24,170.55,171.34,169.61,169.74,1525626000,14132.28,2410772.23
41,9565.46,9606.55,9550.86,9593.21,1525629600,1546.53,14878609.33,2018-05-06 14:00:00,781.48,787.88,781.03,786.85,1525629600,8470.21,6650246.43,1721.23,1737.19,1718.19,1730.15,1525629600,2128.09,3678935.58,170.03,170.85,169.9,170.56,1525629600,8709.02,1482925.18
42,9535.07,9571.69,9516.16,9565.64,1525633200,1726.47,16539554.0,2018-05-06 15:00:00,779.01,783.69,778.85,781.55,1525633200,7116.73,5555462.58,1722.07,1730.02,1712.28,1721.23,1525633200,1790.48,3084111.55,168.7,170.09,168.24,170.03,1525633200,13071.39,2205806.57
43,9547.04,9572.66,9526.72,9533.66,1525636800,1828.05,17509314.79,2018-05-06 16:00:00,775.6,781.47,774.22,779.01,1525636800,16549.71,12818640.63,1706.53,1728.1,1699.7,1722.07,1525636800,2473.61,4240339.27,169.22,169.69,168.36,168.75,1525636800,13773.44,2329369.09
44,9551.9,9559.85,9531.37,9547.04,1525640400,1503.96,14415215.31,2018-05-06 17:00:00,783.58,784.14,774.35,775.6,1525640400,7276.48,5651416.05,1711.56,1715.54,1689.57,1706.61,1525640400,2355.83,3997304.34,168.68,169.6,168.3,169.22,1525640400,9159.62,1545282.8
45,9626.08,9654.44,9550.62,9551.9,1525644000,2452.17,23679948.48,2018-05-06 18:00:00,787.07,791.12,783.28,783.58,1525644000,14947.07,11744609.33,1732.63,1741.42,1710.07,1711.64,1525644000,2701.62,4672812.64,171.43,172.1,168.66,168.66,1525644000,29801.27,5091850.32
46,9644.92,9650.03,9597.18,9625.39,1525647600,1304.81,12580458.9,2018-05-06 19:00:00,790.39,791.23,784.05,787.06,1525647600,9124.12,7173626.24,1756.57,1769.04,1723.97,1732.63,1525647600,4393.74,7698592.88,171.66,172.27,170.69,171.43,1525647600,12253.73,2102213.83
47,9477.15,9662.23,9477.15,9643.99,1525651200,2968.49,28480635.88,2018-05-06 20:00:00,775.78,794.86,775.44,790.39,1525651200,18311.58,14393491.1,1706.41,1779.2,1703.59,1756.57,1525651200,6464.29,11254501.84,168.22,172.07,168.21,171.84,1525651200,19607.78,3328151.9
48,9357.82,9479.47,9311.24,9479.47,1525654800,8741.91,82114353.02,2018-05-06 21:00:00,762.46,778.03,749.13,775.66,1525654800,52233.76,39826171.32,1680.44,1717.46,1651.64,1707.46,1525654800,10240.8,17216262.8,166.43,168.3,165.23,168.22,1525654800,62844.61,10467691.58
49,9330.3,9365.21,9282.62,9357.81,1525658400,3850.53,35975793.84,2018-05-06 22:00:00,751.82,762.61,745.56,762.34,1525658400,40040.82,30210721.35,1650.06,1682.05,1628.05,1679.36,1525658400,8435.9,13933172.61,164.75,166.48,163.8,166.43,1525658400,33503.14,5530111.66
50,9347.94,9347.94,9253.34,9331.45,1525662000,3480.79,32459837.09,2018-05-06 23:00:00,757.17,757.23,740.69,751.82,1525662000,32629.79,24383215.2,1650.55,1653.87,1598.57,1650.06,1525662000,8344.95,13545640.54,165.02,165.1,161.6,164.75,1525662000,38560.16,6295397.93
51,9348.72,9383.07,9341.19,9346.14,1525665600,2017.2,18964072.73,2018-05-07 00:00:00,752.33,760.9,752.32,757.17,1525665600,18844.41,14249173.18,1632.68,1656.09,1631.25,1649.31,1525665600,3706.15,6096469.58,164.92,166.16,164.44,165.02,1525665600,18117.39,2994982.87
52,9372.54,9391.02,9302.6,9348.84,1525669200,3304.16,30974666.16,2018-05-07 01:00:00,755.68,757.82,747.09,752.36,1525669200,16729.24,12564080.09,1638.31,1650.17,1605.48,1632.67,1525669200,3772.71,6135767.61,165.04,165.57,163.64,164.94,1525669200,12469.38,2052678.16
53,9370.51,9385.19,9354.59,9373.12,1525672800,1364.81,12827677.48,2018-05-07 02:00:00,754.44,756.91,751.42,755.68,1525672800,13954.82,10518777.7,1641.45,1648.57,1633.55,1638.29,1525672800,1411.21,2318098.33,165.06,165.74,164.83,165.04,1525672800,8464.18,1399368.04
54,9322.97,9371.57,9272.25,9370.22,1525676400,2963.37,27680322.3,2018-05-07 03:00:00,734.5,754.73,726.32,754.71,1525676400,70463.08,51870460.69,1607.87,1641.4,1584.04,1641.4,1525676400,6451.02,10334015.56,161.82,165.12,160.99,165.06,1525676400,48358.44,7836790.59
55,9399.53,9409.71,9287.19,9322.97,1525680000,3113.84,29214872.49,2018-05-07 04:00:00,739.34,748.38,727.19,734.65,1525680000,66221.77,48889772.96,1631.81,1638.57,1584.66,1607.19,1525680000,4980.87,8045683.44,164.26,164.39,161.05,161.86,1525680000,22736.24,3706160.76
56,9287.45,9399.5,9275.87,9399.5,1525683600,3962.38,37018840.79,2018-05-07 05:00:00,696.88,739.33,690.91,739.26,1525683600,219578.47,156221704.12,1581.42,1632.37,1579.72,1631.81,1525683600,6749.61,10808075.64,160.64,164.26,160.19,164.26,1525683600,40245.54,6514833.71
57,9306.41,9336.37,9286.54,9287.45,1525687200,1914.38,17910540.25,2018-05-07 06:00:00,720.83,723.43,696.76,696.76,1525687200,62296.14,44243988.23,1586.25,1600.35,1583.58,1585.28,1525687200,5015.48,7988273.87,161.66,161.7,160.35,160.63,1525687200,15819.57,2546804.74
58,9338.89,9348.06,9286.56,9306.96,1525690800,2561.26,23953803.43,2018-05-07 07:00:00,731.16,733.44,717.54,720.83,1525690800,29555.89,21492966.98,1621.96,1622.66,1584.55,1586.25,1525690800,3382.89,5439714.07,162.08,162.92,160.84,161.66,1525690800,18166.91,2944412.12
59,9346.18,9373.24,9316.3,9338.89,1525694400,1789.3,16776021.88,2018-05-07 08:00:00,729.82,741.33,726.68,731.16,1525694400,30765.73,22577361.15,1628.23,1647.21,1618.86,1622.02,1525694400,4104.39,6698950.97,161.9,162.84,161.7,162.08,1525694400,11294.3,1834640.54
60,9289.35,9347.11,9282.24,9346.16,1525698000,2728.25,25467140.44,2018-05-07 09:00:00,709.16,730.04,702.89,729.8,1525698000,70976.0,50796691.64,1592.5,1628.25,1591.06,1628.23,1525698000,3393.3,5462942.32,160.21,161.96,160.12,161.9,1525698000,18849.39,3027506.46
61,9316.84,9338.13,9202.13,9289.74,1525701600,6666.04,61749813.89,2018-05-07 10:00:00,716.45,719.81,692.96,708.73,1525701600,85355.22,60255913.04,1606.27,1609.95,1562.58,1591.44,1525701600,7149.14,11345514.02,160.48,161.31,157.51,160.21,1525701600,45395.09,7226573.34
62,9361.61,9361.61,9314.44,9315.14,1525705200,2239.39,20980733.76,2018-05-07 11:00:00,728.14,731.03,715.94,716.59,1525705200,33337.25,24188864.75,1614.29,1619.76,1603.99,1606.27,1525705200,2804.87,4521096.56,162.71,162.71,160.32,160.48,1525705200,20643.65,3346082.41
63,9360.67,9412.53,9351.05,9360.3,1525708800,3150.45,29612523.32,2018-05-07 12:00:00,730.75,730.75,723.23,728.09,1525708800,38308.44,27889804.15,1622.12,1629.47,1614.3,1614.35,1525708800,2091.17,3392467.15,163.2,164.07,162.3,162.7,1525708800,25199.24,4114131.18
64,9360.62,9399.88,9359.19,9360.67,1525712400,2270.74,21364775.3,2018-05-07 13:00:00,736.22,749.26,730.53,730.65,1525712400,58740.11,43462834.91,1624.9,1638.59,1618.46,1622.07,1525712400,2191.6,3572263.78,163.46,165.15,162.75,163.2,1525712400,25621.62,4200765.22
65,9382.26,9390.3,9359.4,9360.68,1525716000,1383.17,13090483.69,2018-05-07 14:00:00,745.31,746.92,735.96,735.96,1525716000,18160.97,13509212.61,1636.32,1636.41,1624.67,1624.9,1525716000,1277.75,2087147.69,164.2,164.57,163.05,163.46,1525716000,14524.69,2382311.78
66,9434.98,9453.82,9378.92,9382.38,1525719600,3629.93,34329600.75,2018-05-07 15:00:00,755.96,758.91,744.44,745.33,1525719600,50479.45,37981459.9,1656.0,1667.61,1636.32,1636.32,1525719600,4860.86,8049351.71,166.04,166.49,164.05,164.2,1525719600,22153.11,3666661.78
67,9448.6,9450.12,9397.44,9434.98,1525723200,1933.08,18285528.58,2018-05-07 16:00:00,760.02,760.23,749.67,756.01,1525723200,20658.22,15604920.78,1666.41,1666.5,1641.47,1656.04,1525723200,2341.46,3880772.59,166.47,166.51,164.97,166.04,1525723200,10609.36,1759231.41
68,9404.66,9455.76,9399.32,9449.67,1525726800,1734.24,16459560.58,2018-05-07 17:00:00,749.73,763.94,748.9,760.06,1525726800,30628.32,23220007.64,1656.73,1683.95,1656.73,1666.41,1525726800,3848.66,6438854.29,166.21,167.34,165.99,166.51,1525726800,18337.56,3057430.28
69,9320.72,9407.36,9291.04,9404.36,1525730400,4545.36,42546688.85,2018-05-07 18:00:00,740.46,751.11,734.91,749.73,1525730400,35678.94,26497957.61,1628.35,1657.84,1620.09,1655.3,1525730400,4828.75,7909412.69,163.38,166.31,162.5,166.21,1525730400,30533.8,5015956.53
70,9377.81,9384.62,9300.69,9320.72,1525734000,1529.38,14341775.99,2018-05-07 19:00:00,752.4,756.6,740.41,740.46,1525734000,17650.27,13182929.12,1651.39,1652.09,1626.11,1628.35,1525734000,1932.35,3167569.07,164.23,165.02,162.97,163.38,1525734000,13959.23,2289116.38
71,9390.95,9408.92,9368.27,9377.08,1525737600,1574.62,14825130.04,2018-05-07 20:00:00,761.22,762.25,752.03,752.39,1525737600,18256.36,13849795.34,1658.8,1670.8,1647.27,1651.39,1525737600,3285.85,5444531.12,165.9,166.58,164.12,164.24,1525737600,14679.64,2434821.82
72,9429.39,9448.33,9392.49,9392.49,1525741200,1985.26,18769644.49,2018-05-07 21:00:00,768.77,774.17,761.17,761.17,1525741200,38407.84,29504996.04,1669.04,1673.78,1655.34,1658.07,1525741200,3120.89,5198556.68,166.89,167.63,165.89,165.9,1525741200,25191.1,4205481.8
73,9442.22,9472.09,9426.67,9431.31,1525744800,2683.97,25422752.58,2018-05-07 22:00:00,767.54,775.38,767.0,768.75,1525744800,19498.25,15044356.57,1685.81,1694.87,1668.41,1669.04,1525744800,5934.51,9997357.14,167.67,168.16,166.83,166.89,1525744800,21223.6,3554241.97
74,9440.92,9458.03,9404.19,9442.2,1525748400,1987.47,18805249.34,2018-05-07 23:00:00,770.63,770.95,762.0,767.56,1525748400,14258.77,10929197.11,1680.19,1690.16,1671.48,1685.8,1525748400,2633.77,4421475.11,167.19,167.85,166.05,167.67,1525748400,16233.5,2711897.23
75,9423.65,9444.58,9410.37,9441.86,1525752000,1291.13,12240576.67,2018-05-08 00:00:00,765.72,770.84,764.5,770.55,1525752000,11652.32,8931521.79,1668.81,1680.17,1667.25,1680.01,1525752000,1428.88,2393679.04,167.18,167.39,166.88,167.19,1525752000,7177.45,1199536.64
76,9341.64,9425.19,9331.22,9425.13,1525755600,3542.35,33290030.02,2018-05-08 01:00:00,751.08,765.7,748.74,765.7,1525755600,34408.41,26014810.23,1644.18,1668.81,1634.58,1668.81,1525755600,3571.5,5886521.05,164.58,167.22,164.4,167.18,1525755600,27822.17,4611278.16
77,9338.9,9377.74,9322.99,9341.11,1525759200,2279.22,21384049.45,2018-05-08 02:00:00,753.17,758.38,746.25,751.08,1525759200,23120.53,17409857.14,1637.95,1650.69,1632.72,1644.23,1525759200,1723.7,2827415.93,163.95,164.93,163.36,164.54,1525759200,15568.31,2553504.22
78,9369.36,9376.4,9339.03,9339.03,1525762800,2225.6,20896597.04,2018-05-08 03:00:00,759.19,759.45,753.1,753.17,1525762800,10082.01,7636112.9,1650.56,1650.56,1633.19,1637.95,1525762800,1589.85,2607580.93,164.44,164.76,163.74,163.95,1525762800,10639.76,1748204.66
79,9399.42,9400.81,9367.31,9369.48,1525766400,2148.66,20254853.14,2018-05-08 04:00:00,758.38,760.03,754.42,759.19,1525766400,15494.93,11741004.2,1647.62,1655.93,1643.73,1650.56,1525766400,1538.32,2535705.75,164.85,165.26,164.41,164.44,1525766400,10633.84,1751196.06
80,9312.98,9399.75,9269.87,9399.42,1525770000,5479.38,51080328.59,2018-05-08 05:00:00,741.12,758.51,734.08,758.38,1525770000,29869.6,22244298.28,1603.68,1647.47,1593.17,1647.46,1525770000,8177.6,13220411.76,161.82,164.93,160.68,164.85,1525770000,32056.57,5199569.66
81,9308.02,9342.54,9291.3,9312.98,1525773600,3199.61,29876544.2,2018-05-08 06:00:00,744.23,751.07,738.33,741.12,1525773600,14697.11,10939577.84,1600.48,1616.04,1598.67,1603.68,1525773600,3654.02,5867194.82,162.19,162.71,161.24,161.82,1525773600,12709.46,2060578.69
82,9209.85,9312.77,9197.4,9308.02,1525777200,5533.1,51213352.93,2018-05-08 07:00:00,728.86,744.23,727.89,744.23,1525777200,45684.13,33521325.8,1578.15,1616.49,1578.14,1600.38,1525777200,6774.04,10819832.45,159.85,162.29,159.2,162.18,1525777200,34119.88,5464358.35
83,9142.72,9211.71,9063.07,9209.85,1525780800,9407.73,85928701.06,2018-05-08 08:00:00,736.72,739.4,720.36,728.86,1525780800,43973.65,31990507.77,1579.36,1584.23,1558.02,1578.15,1525780800,9083.69,14242482.41,160.49,160.77,158.02,159.85,1525780800,61807.27,9847817.93
84,9133.92,9183.54,9117.4,9142.72,1525784400,2850.28,26160198.15,2018-05-08 09:00:00,729.31,741.74,728.98,736.69,1525784400,24752.64,18187441.33,1573.75,1595.28,1572.56,1579.26,1525784400,3399.83,5386443.02,159.51,161.18,159.14,160.49,1525784400,25751.94,4123837.44
85,9144.12,9176.04,9116.69,9132.3,1525788000,3172.76,29094307.26,2018-05-08 10:00:00,732.19,737.08,728.85,729.31,1525788000,22743.58,16647612.81,1572.52,1590.63,1571.24,1573.75,1525788000,3034.51,4798297.31,159.55,160.59,159.2,159.51,1525788000,20756.28,3316845.64
86,9189.54,9190.57,9134.82,9144.19,1525791600,3629.15,33263486.84,2018-05-08 11:00:00,735.72,735.72,728.94,732.19,1525791600,21773.66,15926815.12,1572.34,1577.06,1552.85,1572.51,1525791600,5745.84,8985765.08,160.01,160.05,159.06,159.55,1525791600,14783.45,2358048.46
87,9136.61,9189.79,9121.45,9189.54,1525795200,2629.3,24105725.04,2018-05-08 12:00:00,732.22,735.72,730.99,735.72,1525795200,13127.03,9630911.57,1557.54,1572.34,1554.94,1572.34,1525795200,1680.69,2630615.67,158.8,160.05,158.79,160.01,1525795200,11219.7,1787501.17
88,9133.17,9169.58,9126.88,9136.15,1525798800,1580.14,14505014.26,2018-05-08 13:00:00,734.83,740.04,730.89,732.22,1525798800,13983.07,10288026.34,1559.93,1570.02,1555.44,1557.41,1525798800,1278.9,1998605.91,158.49,159.72,158.48,158.8,1525798800,10303.2,1638938.92
89,9223.37,9251.42,9081.16,9133.22,1525802400,4724.46,43461853.19,2018-05-08 14:00:00,745.97,748.11,726.34,734.83,1525802400,30874.08,22763320.08,1585.25,1594.5,1550.7,1559.93,1525802400,4736.94,7465437.11,159.1,159.97,157.31,158.49,1525802400,37279.33,5911352.66
90,9254.96,9265.05,9215.6,9223.16,1525806000,2271.83,21038135.44,2018-05-08 15:00:00,749.23,750.2,745.15,745.98,1525806000,10839.1,8107057.84,1589.72,1593.01,1581.65,1585.25,1525806000,1757.71,2791306.27,159.62,159.93,159.03,159.11,1525806000,15670.36,2500160.99
91,9173.96,9253.16,9171.67,9249.97,1525809600,2387.5,22076971.56,2018-05-08 16:00:00,740.13,749.3,739.6,749.23,1525809600,16280.66,12140147.74,1568.32,1589.72,1564.29,1589.72,1525809600,2224.28,3509529.86,157.37,159.62,157.31,159.62,1525809600,20034.83,3172998.56
92,9199.26,9237.12,9173.62,9173.96,1525813200,1520.41,14045444.48,2018-05-08 17:00:00,746.71,748.0,739.68,740.15,1525813200,7846.25,5840262.54,1581.89,1585.44,1566.91,1568.32,1525813200,1308.74,2064389.75,157.95,158.26,157.37,157.37,1525813200,10348.13,1634393.71
93,9214.87,9256.51,9199.14,9199.26,1525816800,1991.16,18450455.44,2018-05-08 18:00:00,752.91,755.38,746.71,746.71,1525816800,11775.38,8870222.48,1596.24,1604.16,1581.45,1581.89,1525816800,2394.76,3828597.38,158.91,159.53,157.87,157.94,1525816800,12278.23,1948238.38
94,9196.13,9262.41,9190.31,9214.87,1525820400,2564.04,23734724.07,2018-05-08 19:00:00,747.79,756.75,746.29,752.91,1525820400,16904.35,12734156.86,1599.52,1614.95,1596.29,1596.29,1525820400,2239.62,3602635.88,159.04,159.93,158.9,158.91,1525820400,10337.28,1649165.99
95,9138.61,9204.71,9137.56,9196.13,1525824000,2460.45,22619904.4,2018-05-08 20:00:00,739.99,749.9,739.96,747.79,1525824000,16561.01,12312449.7,1572.34,1600.45,1569.94,1599.52,1525824000,2910.62,4605950.63,157.49,159.43,157.49,159.04,1525824000,14648.78,2322195.92
96,9173.02,9179.73,9137.5,9138.62,1525827600,977.43,8989864.0,2018-05-08 21:00:00,741.77,743.04,739.8,739.84,1525827600,6864.6,5092960.31,1568.46,1581.86,1564.9,1572.34,1525827600,2232.21,3503184.08,158.3,158.55,157.49,157.49,1525827600,6039.54,955773.16
97,9094.69,9175.21,9089.32,9172.57,1525831200,3371.7,30818549.21,2018-05-08 22:00:00,726.55,742.58,726.11,741.78,1525831200,25368.35,18624693.44,1508.72,1568.87,1503.66,1568.46,1525831200,7370.46,11270407.69,154.34,158.31,154.2,158.3,1525831200,35391.68,5513952.3
98,9056.42,9094.75,9016.16,9094.69,1525834800,6559.13,59468539.57,2018-05-08 23:00:00,719.65,726.79,716.87,726.55,1525834800,47492.65,34266911.1,1486.42,1510.48,1479.47,1508.72,1525834800,9274.0,13844432.76,152.77,154.35,152.22,154.34,1525834800,39076.27,5987476.22
99,9086.62,9090.16,8987.27,9056.42,1525838400,5624.84,50897503.62,2018-05-09 00:00:00,722.19,722.22,709.78,719.65,1525838400,40481.97,28994676.29,1502.97,1504.6,1459.67,1486.42,1525838400,7904.36,11696049.52,154.26,154.39,150.96,152.79,1525838400,40308.14,6153928.46
100,9077.0,9091.05,9030.5,9086.64,1525842000,4630.74,41938046.03,2018-05-09 01:00:00,722.18,723.88,715.37,722.19,1525842000,30117.05,21558439.79,1504.56,1505.41,1488.24,1502.97,1525842000,2638.51,3950508.39,154.01,154.36,152.38,154.26,1525842000,22691.59,3479573.2
101,9095.52,9103.62,9058.81,9076.96,1525845600,2133.17,19422109.44,2018-05-09 02:00:00,723.16,724.52,719.68,722.18,1525845600,15418.94,11140327.26,1518.61,1519.88,1499.22,1504.56,1525845600,4204.17,6348693.2,154.29,154.42,153.63,154.01,1525845600,13485.89,2078683.39
102,9040.53,9098.87,9040.53,9095.06,1525849200,1701.0,15515011.27,2018-05-09 03:00:00,716.58,723.65,716.58,723.16,1525849200,12763.55,9184815.69,1496.44,1518.81,1494.83,1518.61,1525849200,1961.82,2956121.49,152.99,154.29,152.74,154.29,1525849200,7495.69,1150809.63
103,9121.77,9139.96,9034.34,9040.42,1525852800,2919.23,26659007.26,2018-05-09 04:00:00,725.47,727.66,716.51,716.58,1525852800,20398.98,14728992.5,1526.92,1533.01,1495.87,1496.44,1525852800,3235.6,4917586.07,154.26,154.55,152.83,152.89,1525852800,14064.58,2164317.76
104,9119.2,9136.88,9094.89,9121.77,1525856400,1681.08,15369474.35,2018-05-09 05:00:00,729.84,733.97,725.42,725.47,1525856400,15799.85,11542937.26,1525.34,1539.01,1524.17,1527.09,1525856400,2346.71,3596650.77,154.2,155.12,154.11,154.26,1525856400,11807.12,1825811.17
105,9206.21,9215.19,9108.25,9119.19,1525860000,2399.0,22012388.23,2018-05-09 06:00:00,739.76,739.84,728.58,729.84,1525860000,10872.8,7984738.62,1545.77,1550.29,1516.56,1525.34,1525860000,2022.73,3100006.2,157.02,157.11,153.65,154.2,1525860000,15112.12,2344558.92
106,9255.34,9258.17,9195.41,9206.21,1525863600,4045.54,37403017.09,2018-05-09 07:00:00,742.41,745.67,737.4,739.75,1525863600,24005.97,17805442.42,1555.65,1566.19,1541.89,1545.83,1525863600,3448.59,5361743.23,157.85,158.21,156.02,157.02,1525863600,20837.99,3275171.57
107,9285.82,9329.75,9255.34,9255.34,1525867200,4459.63,41572531.23,2018-05-09 08:00:00,747.36,750.93,742.5,742.5,1525867200,30541.0,22833863.14,1566.42,1577.95,1554.9,1556.09,1525867200,5193.75,8151875.75,157.64,158.9,157.64,157.88,1525867200,16496.09,2610957.45
108,9272.88,9300.3,9258.26,9285.5,1525870800,2942.29,27340750.8,2018-05-09 09:00:00,744.53,747.97,742.65,747.36,1525870800,11696.25,8718317.55,1557.88,1566.42,1555.41,1566.42,1525870800,2243.43,3500806.85,156.6,157.96,156.6,157.64,1525870800,14342.36,2258316.59
109,9315.36,9317.15,9264.33,9272.89,1525874400,2323.19,21614055.86,2018-05-09 10:00:00,747.49,747.49,741.56,744.53,1525874400,9615.91,7160577.08,1570.1,1572.21,1549.16,1557.88,1525874400,2276.83,3550392.59,157.4,157.4,155.78,156.6,1525874400,14662.23,2297523.04
110,9289.26,9319.95,9289.25,9315.36,1525878000,2222.67,20743878.8,2018-05-09 11:00:00,747.55,749.79,745.85,747.49,1525878000,12067.14,9024769.23,1616.19,1628.84,1569.43,1570.2,1525878000,6488.83,10405708.07,158.06,158.54,156.95,157.4,1525878000,12819.72,2021745.55
111,9311.98,9317.0,9287.89,9289.08,1525881600,1583.38,14772945.3,2018-05-09 12:00:00,749.76,750.9,747.51,747.63,1525881600,10417.53,7806744.72,1641.51,1661.34,1613.6,1616.19,1525881600,8181.98,13456059.21,158.09,158.27,157.6,158.06,1525881600,11007.35,1739758.17
112,9318.55,9373.46,9311.58,9311.98,1525885200,3747.49,35067370.35,2018-05-09 13:00:00,750.97,759.91,748.9,749.76,1525885200,39303.37,29742976.52,1646.37,1676.39,1639.95,1641.36,1525885200,7067.73,11731845.25,158.73,160.14,158.05,158.1,1525885200,29524.25,4706660.45
113,9286.69,9343.21,9284.14,9318.59,1525888800,1677.19,15677488.35,2018-05-09 14:00:00,748.45,755.32,748.32,750.97,1525888800,10962.02,8245470.3,1632.27,1655.75,1623.2,1646.43,1525888800,3721.91,6104619.95,157.93,159.48,157.88,158.73,1525888800,15803.41,2506486.67
114,9290.6,9299.44,9264.37,9287.4,1525892400,2065.85,19213761.94,2018-05-09 15:00:00,749.45,750.08,745.19,748.35,1525892400,14963.84,11182821.7,1624.83,1636.19,1616.11,1632.3,1525892400,3277.27,5318210.25,158.43,158.46,157.46,157.93,1525892400,9923.72,1567145.16
115,9268.02,9312.8,9266.89,9290.6,1525896000,1937.26,18055970.37,2018-05-09 16:00:00,742.92,755.76,742.8,749.45,1525896000,21392.16,16026358.22,1634.91,1645.43,1624.82,1624.83,1525896000,3078.95,5040277.78,157.01,158.78,157.0,158.43,1525896000,12850.49,2032436.27
116,9260.23,9272.46,9238.23,9267.75,1525899600,2335.26,21624521.25,2018-05-09 17:00:00,746.73,748.01,741.23,742.92,1525899600,15163.61,11264085.2,1618.42,1640.19,1606.07,1634.91,1525899600,4505.68,7276818.69,156.59,157.37,156.08,157.01,1525899600,16807.8,2634407.79
117,9330.64,9341.6,9258.77,9260.23,1525903200,2487.3,23237076.71,2018-05-09 18:00:00,750.38,754.05,746.59,746.73,1525903200,13398.4,10062812.25,1633.72,1647.65,1618.14,1618.42,1525903200,2453.33,4019507.55,157.57,157.92,156.52,156.59,1525903200,9858.44,1550596.59
118,9321.16,9330.94,9291.49,9330.72,1525906800,1654.26,15461300.64,2018-05-09 19:00:00,751.27,751.28,745.76,750.38,1525906800,8522.21,6385547.11,1626.63,1636.85,1608.97,1633.72,1525906800,3041.68,4929234.76,156.78,157.59,156.2,157.57,1525906800,10596.88,1661746.99
119,9333.72,9373.85,9320.3,9321.52,1525910400,2778.22,26030135.87,2018-05-09 20:00:00,753.42,758.69,750.88,751.27,1525910400,18719.0,14134333.24,1636.91,1654.27,1626.74,1626.74,1525910400,4238.06,6960157.19,158.28,158.5,156.78,156.78,1525910400,14057.13,2218190.95
120,9322.61,9362.95,9316.97,9333.25,1525914000,1854.58,17352355.09,2018-05-09 21:00:00,755.36,758.52,753.24,753.42,1525914000,10031.6,7585214.36,1636.93,1660.12,1635.92,1637.17,1525914000,3073.11,5068530.4,158.85,160.03,158.26,158.28,1525914000,17780.86,2833709.78
121,9330.94,9331.18,9298.31,9322.58,1525917600,1805.85,16904633.96,2018-05-09 22:00:00,756.65,756.65,751.9,755.37,1525917600,8763.87,6609478.67,1640.29,1642.73,1625.02,1636.93,1525917600,2132.5,3484242.19,159.54,159.54,158.17,158.85,1525917600,7069.63,1123155.95
122,9340.05,9342.6,9310.73,9330.94,1525921200,1334.94,12479835.49,2018-05-09 23:00:00,755.52,757.31,752.49,756.65,1525921200,9990.73,7541207.1,1641.81,1644.77,1630.34,1640.29,1525921200,1050.3,1720533.83,159.61,159.62,158.94,159.54,1525921200,3542.67,564894.53
123,9349.58,9364.97,9338.47,9340.28,1525924800,1138.63,10775828.36,2018-05-10 00:00:00,763.16,763.64,755.04,755.52,1525924800,16524.73,12563111.09,1652.51,1661.34,1641.23,1641.81,1525924800,1230.83,2035736.23,160.52,160.72,159.59,159.6,1525924800,3337.08,535502.51
124,9305.56,9363.31,9305.56,9349.58,1525928400,1318.18,12349480.75,2018-05-10 01:00:00,757.68,767.22,757.68,763.16,1525928400,20323.06,15521004.36,1642.39,1663.3,1640.87,1652.51,1525928400,1926.36,3185803.49,159.04,160.59,158.95,160.52,1525928400,8171.02,1307038.8
125,9290.38,9338.64,9276.86,9306.1,1525932000,1980.8,18504555.48,2018-05-10 02:00:00,756.53,761.14,752.6,757.68,1525932000,13576.25,10278391.84,1628.62,1644.11,1618.21,1642.39,1525932000,2335.14,3809772.36,158.58,159.71,157.85,159.04,1525932000,11137.01,1767205.87
126,9372.26,9391.83,9288.59,9290.38,1525935600,2801.49,26252381.16,2018-05-10 03:00:00,762.5,765.47,755.22,756.53,1525935600,11509.07,8745720.63,1654.83,1662.22,1626.01,1628.52,1525935600,2398.32,3939982.96,159.31,160.18,157.79,158.58,1525935600,11353.73,1805157.11
127,9356.86,9388.38,9349.97,9372.26,1525939200,2281.51,21440848.68,2018-05-10 04:00:00,761.48,765.09,761.28,762.5,1525939200,8056.59,6148662.47,1653.35,1664.45,1652.17,1654.83,1525939200,2148.99,3565388.19,158.38,159.82,158.25,159.3,1525939200,5177.21,823885.27
128,9346.06,9358.44,9328.06,9356.9,1525942800,1724.31,16184476.68,2018-05-10 05:00:00,763.53,763.67,760.82,761.54,1525942800,6435.5,4906689.9,1653.67,1660.41,1643.12,1653.37,1525942800,1455.77,2403940.45,157.85,158.4,157.64,158.38,1525942800,9273.55,1463904.15
129,9380.7,9392.12,9326.85,9346.41,1525946400,1872.12,17617391.06,2018-05-10 06:00:00,763.61,764.19,760.11,763.53,1525946400,10104.4,7705488.56,1659.55,1665.05,1644.23,1653.67,1525946400,1740.52,2884139.33,158.33,158.57,157.31,157.85,1525946400,8521.29,1344824.14
130,9339.67,9382.73,9324.75,9380.7,1525950000,1744.7,16366128.84,2018-05-10 07:00:00,758.88,763.69,756.64,763.61,1525950000,9897.91,7520767.98,1657.15,1661.21,1651.98,1659.55,1525950000,1462.26,2422875.49,156.96,158.5,156.93,158.33,1525950000,12425.38,1956664.68
131,9352.42,9364.82,9329.35,9340.05,1525953600,1954.1,18330537.39,2018-05-10 08:00:00,760.75,761.43,757.2,758.88,1525953600,9008.16,6835560.09,1642.28,1657.77,1609.54,1657.15,1525953600,6756.35,11058738.67,157.22,157.31,156.54,156.76,1525953600,8352.26,1310814.87
132,9382.85,9393.95,9334.62,9352.49,1525957200,3024.03,28409041.52,2018-05-10 09:00:00,765.87,766.41,758.92,760.78,1525957200,19381.34,14798703.27,1652.11,1659.17,1638.65,1642.31,1525957200,2686.81,4439192.33,158.03,158.07,156.63,157.22,1525957200,14581.64,2296325.06
133,9336.84,9383.19,9334.64,9382.85,1525960800,3363.45,31493068.17,2018-05-10 10:00:00,758.43,765.87,758.42,765.87,1525960800,11045.8,8412291.74,1641.1,1653.5,1639.1,1652.11,1525960800,2246.85,3696298.87,156.91,158.06,156.9,158.03,1525960800,9449.57,1487967.61
134,9342.06,9362.12,9327.98,9336.84,1525964400,2183.57,20438602.71,2018-05-10 11:00:00,760.15,761.28,756.7,758.43,1525964400,12611.63,9561098.76,1643.41,1650.72,1638.99,1641.1,1525964400,1264.64,2078940.4,157.14,157.29,156.76,156.91,1525964400,6958.38,1092752.89
135,9364.76,9378.18,9341.5,9341.5,1525968000,2686.91,25245834.9,2018-05-10 12:00:00,761.86,763.37,760.04,760.15,1525968000,9786.4,7457758.4,1644.03,1648.19,1642.75,1643.47,1525968000,564.25,928475.74,157.73,157.85,157.13,157.14,1525968000,7166.71,1130025.37
136,9169.81,9367.59,9128.63,9364.76,1525971600,11554.83,106510736.1,2018-05-10 13:00:00,741.29,761.91,737.01,761.86,1525971600,62568.98,46555795.99,1578.69,1644.05,1558.7,1644.05,1525971600,18720.94,29693818.04,152.95,157.75,151.73,157.73,1525971600,71130.35,10924881.37
137,9145.31,9175.56,9104.14,9169.89,1525975200,5036.66,46081703.41,2018-05-10 14:00:00,741.46,743.55,733.91,741.28,1525975200,31736.0,23409066.84,1581.51,1583.83,1554.6,1578.56,1525975200,6520.44,10229957.97,152.89,153.47,151.68,152.95,1525975200,27137.13,4140199.47
138,9102.88,9148.05,9088.47,9145.31,1525978800,2400.16,21927336.4,2018-05-10 15:00:00,736.68,741.46,735.32,741.46,1525978800,15517.93,11448603.26,1559.84,1581.58,1557.14,1581.51,1525978800,5041.02,7889272.2,152.32,153.1,152.07,152.89,1525978800,13735.72,2093784.81
139,9111.22,9127.04,9070.53,9102.88,1525982400,3395.1,30955155.38,2018-05-10 16:00:00,737.49,737.78,731.68,736.69,1525982400,17335.69,12738351.26,1554.7,1561.44,1540.08,1559.84,1525982400,4570.81,7082716.29,151.51,152.39,151.35,152.32,1525982400,18165.03,2754796.05
140,9119.25,9145.56,9105.57,9111.53,1525986000,1453.25,13366398.59,2018-05-10 17:00:00,736.44,740.25,734.44,737.48,1525986000,11567.8,8531362.1,1554.44,1566.83,1549.78,1554.7,1525986000,1785.83,2784947.39,151.94,152.67,151.46,151.51,1525986000,9970.91,1516489.84
141,9114.85,9121.69,9069.73,9119.41,1525989600,2424.05,22189869.6,2018-05-10 18:00:00,734.14,736.8,731.87,736.44,1525989600,14313.63,10507686.32,1551.33,1557.73,1526.63,1554.44,1525989600,4153.39,6405596.87,151.49,151.97,150.7,151.95,1525989600,13373.89,2023920.32
142,9032.22,9114.72,9017.13,9113.49,1525993200,5804.55,52644268.53,2018-05-10 19:00:00,723.61,734.14,722.65,734.14,1525993200,24806.88,18020641.54,1519.84,1552.51,1508.8,1551.26,1525993200,5014.58,7642637.68,148.24,151.5,147.86,151.49,1525993200,48680.95,7251642.38
143,8954.47,9032.27,8888.15,9032.22,1525996800,11148.05,99790072.99,2018-05-10 20:00:00,726.57,727.52,716.79,723.63,1525996800,40442.71,29167750.6,1534.55,1543.56,1488.0,1519.84,1525996800,7728.2,11647810.41,147.29,148.33,144.9,148.24,1525996800,91205.53,13326723.11
144,8944.43,8970.39,8919.38,8954.54,1526000400,2817.84,25322212.63,2018-05-10 21:00:00,728.58,729.9,723.35,726.56,1526000400,18586.31,13533517.04,1522.57,1541.26,1511.43,1534.55,1526000400,2749.66,4206801.37,147.78,148.52,146.42,147.29,1526000400,25814.15,3810609.28
145,8917.58,8973.49,8914.73,8944.17,1526004000,2527.52,22709669.24,2018-05-10 22:00:00,724.01,731.73,723.68,728.58,1526004000,11511.58,8386397.49,1501.6,1532.35,1501.47,1522.57,1526004000,2458.14,3731479.59,146.56,148.28,146.36,147.78,1526004000,18361.14,2708206.46
146,8940.92,8954.03,8914.32,8917.58,1526007600,1612.87,14526204.14,2018-05-10 23:00:00,730.64,731.57,723.56,724.01,1526007600,19578.1,14290538.15,1518.98,1524.98,1497.73,1501.58,1526007600,2371.3,3593610.94,147.15,147.45,146.2,146.56,1526007600,9258.87,1360647.93
147,8957.49,8981.64,8939.69,8940.88,1526011200,2154.94,19423889.78,2018-05-11 00:00:00,733.18,735.08,730.55,730.64,1526011200,12991.34,9523787.39,1533.33,1543.52,1518.6,1518.98,1526011200,2350.64,3614822.29,147.49,148.34,147.1,147.15,1526011200,13916.51,2058305.72
148,9014.85,9018.82,8952.97,8957.73,1526014800,3466.74,31273122.78,2018-05-11 01:00:00,735.69,735.76,732.28,733.18,1526014800,8570.34,6292844.78,1554.88,1554.88,1532.45,1533.33,1526014800,2503.65,3866380.65,148.13,148.14,147.38,147.49,1526014800,18277.93,2698519.25
149,8826.87,9016.94,8826.54,9013.64,1526018400,9566.8,85436816.65,2018-05-11 02:00:00,712.7,735.97,712.53,735.69,1526018400,27563.49,19942969.6,1450.19,1556.67,1446.91,1554.92,1526018400,11858.32,17632256.15,143.62,148.18,143.62,148.13,1526018400,33945.01,4934076.02
150,8756.43,8866.35,8704.96,8826.87,1526022000,17617.24,155169103.28,2018-05-11 03:00:00,693.5,717.14,684.81,712.7,1526022000,90014.11,62978418.13,1404.97,1470.02,1366.85,1450.19,1526022000,22495.32,31750855.18,141.81,144.67,141.0,143.62,1526022000,87879.68,12519235.76
151,8803.45,8839.2,8751.88,8758.91,1526025600,7423.16,65629200.82,2018-05-11 04:00:00,700.49,712.45,691.76,693.48,1526025600,49983.94,35176431.15,1424.03,1453.97,1404.12,1404.19,1526025600,11286.57,16152013.88,143.14,144.58,141.8,141.81,1526025600,31189.05,4474628.15
152,8753.83,8805.91,8696.01,8803.45,1526029200,5443.07,47699967.55,2018-05-11 05:00:00,692.91,700.52,680.08,700.49,1526029200,40124.78,27655026.51,1376.0,1424.03,1342.25,1424.03,1526029200,11162.33,15300095.55,142.52,143.14,140.4,143.14,1526029200,28863.76,4087107.65
153,8732.21,8793.96,8718.8,8755.45,1526032800,4061.04,35682430.45,2018-05-11 06:00:00,689.01,696.71,687.35,692.91,1526032800,22231.47,15405882.08,1377.32,1418.43,1366.99,1376.0,1526032800,9395.55,13096382.15,141.44,142.93,140.97,142.52,1526032800,26340.04,3744797.39
154,8634.79,8747.89,8634.49,8733.56,1526036400,6510.71,56739048.99,2018-05-11 07:00:00,678.53,690.9,678.38,689.01,1526036400,34460.38,23596328.92,1349.63,1388.6,1344.43,1377.55,1526036400,9919.77,13571585.87,138.78,141.69,138.72,141.44,1526036400,43606.41,6103689.88
155,8554.87,8634.79,8519.79,8634.79,1526040000,12726.49,109214903.41,2018-05-11 08:00:00,678.28,683.01,669.49,678.53,1526040000,60438.17,40809264.01,1362.1,1372.49,1309.56,1349.63,1526040000,17427.79,23355815.68,138.41,139.33,137.32,138.78,1526040000,48117.21,6653029.46
156,8545.94,8621.27,8534.24,8554.87,1526043600,5044.92,43368274.54,2018-05-11 09:00:00,667.05,683.88,666.79,678.24,1526043600,46952.19,31703449.9,1364.48,1385.18,1352.97,1362.1,1526043600,6709.57,9210966.63,138.14,139.54,137.87,138.51,1526043600,28403.82,3939052.38
157,8650.38,8670.19,8541.81,8545.94,1526047200,5213.35,45063235.69,2018-05-11 10:00:00,687.12,689.48,667.02,667.05,1526047200,45452.12,30933197.48,1435.13,1437.4,1364.76,1364.76,1526047200,11551.99,16297293.37,141.31,141.39,138.09,138.14,1526047200,44831.54,6268731.2
158,8589.34,8661.39,8569.68,8650.38,1526050800,3176.74,27462814.74,2018-05-11 11:00:00,681.51,688.46,674.78,687.12,1526050800,27512.87,18737656.75,1400.39,1435.29,1385.27,1435.29,1526050800,5752.73,8114905.5,139.68,141.54,139.14,141.37,1526050800,26048.48,3657552.74
159,8653.78,8682.55,8578.27,8589.34,1526054400,3629.5,31455752.4,2018-05-11 12:00:00,689.09,691.54,680.1,681.48,1526054400,30069.17,20616621.9,1420.89,1435.09,1400.12,1400.39,1526054400,5810.12,8254896.4,140.61,141.01,139.19,139.68,1526054400,20464.72,2868113.32
160,8601.86,8660.69,8568.28,8653.78,1526058000,2586.93,22364450.23,2018-05-11 13:00:00,680.97,693.15,678.03,689.09,1526058000,26320.18,18066983.91,1406.91,1436.09,1393.95,1420.89,1526058000,4141.19,5864096.51,140.58,141.74,139.89,140.61,1526058000,21793.23,3069302.45
161,8626.91,8653.8,8582.83,8601.86,1526061600,2625.02,22703531.74,2018-05-11 14:00:00,685.79,688.44,677.1,681.11,1526061600,22628.69,15386757.11,1398.06,1406.92,1391.45,1406.91,1526061600,3876.79,5426558.69,139.58,140.71,138.85,140.58,1526061600,25374.7,3545927.71
162,8615.72,8687.0,8610.92,8626.91,1526065200,3021.34,26236267.79,2018-05-11 15:00:00,689.23,692.61,685.36,685.79,1526065200,18604.1,12822070.73,1401.53,1419.65,1398.05,1398.05,1526065200,3494.88,4924892.36,140.24,140.66,139.25,139.58,1526065200,21459.84,3002614.84
163,8453.08,8647.97,8404.07,8615.72,1526068800,10706.94,91029260.19,2018-05-11 16:00:00,674.26,691.77,670.13,689.23,1526068800,34960.74,23705446.12,1353.37,1405.36,1333.4,1401.53,1526068800,9796.33,13264055.51,135.24,140.43,134.61,140.23,1526068800,64148.33,8760622.23
164,8403.71,8468.08,8363.5,8451.5,1526072400,5107.18,43090188.34,2018-05-11 17:00:00,669.02,677.55,665.49,674.26,1526072400,25498.67,17085243.11,1331.2,1361.52,1319.35,1353.37,1526072400,5566.0,7457052.78,134.34,136.04,133.56,135.16,1526072400,44071.77,5920760.62
165,8437.71,8475.43,8400.29,8403.57,1526076000,3583.13,30447137.83,2018-05-11 18:00:00,678.91,681.96,668.53,668.99,1526076000,16404.22,11108700.05,1360.27,1370.08,1331.17,1331.2,1526076000,4200.73,5696255.72,136.31,136.91,134.3,134.35,1526076000,27208.64,3702672.36
166,8421.0,8488.0,8382.53,8437.71,1526079600,2955.73,25051073.02,2018-05-11 19:00:00,677.8,685.6,675.33,678.86,1526079600,17512.41,11923121.12,1367.01,1387.18,1357.1,1360.27,1526079600,3425.77,4703053.14,136.47,137.81,135.74,136.31,1526079600,22759.36,3120478.43
167,8470.39,8481.75,8420.82,8420.82,1526083200,2420.75,20540861.19,2018-05-11 20:00:00,685.58,686.18,677.79,677.8,1526083200,8748.41,5981801.54,1413.03,1423.19,1366.34,1367.01,1526083200,5036.66,7091463.86,138.9,139.12,136.46,136.47,1526083200,15822.86,2184278.22
168,8461.39,8474.65,8393.49,8471.36,1526086800,2776.02,23462537.88,2018-05-11 21:00:00,681.85,686.02,678.72,685.58,1526086800,6567.55,4479112.92,1389.4,1413.26,1371.64,1413.2,1526086800,3590.04,4987490.36,137.57,138.91,136.76,138.9,1526086800,9338.19,1285271.35
